{
    "out2": [
      [4122.52713, 0.0, 1798.78456, 79273.3149],
      [0.0, 4138.07791, 1088.48749, 35296.4991],
      [0.0, 0.0, 1.0, -6.35]
    ],
    "out5": [
      [2063.60533, 0.0, 1921.26927, -58944.2655],
      [0.0, 2069.09792, 1170.80447, -8.25417149],
      [0.0, 0.0, 1.0, -7.05]
    ],
    "out8": [
      [1305.47825, 0.0, 1900.43812, 7538.36182],
      [0.0, 1319.298, 788.02306, -28448.4053],
      [0.0, 0.0, 1.0, -6.2]
    ],
    "out13": [
      [5642.24903, 0.0, 1958.74979, -12144.2487],
      [0.0, 5638.34491, 1210.88451, -108208.324],
      [0.0, 0.0, 1.0, -6.2]
    ]
  }
  